speed_kmh,visibility_m,rainfall_mm,hazard,nearby_vehicles,accident_severity
71,1149,22,pedestrian,13,Medium
112,203,15,animal,17,High
34,1729,30,pothole,14,Medium
91,1508,10,pothole,1,Medium
80,1046,15,animal,9,Low
40,1159,7,pedestrian,11,Medium
102,746,3,pedestrian,16,High
106,1358,39,vehicle,7,High
94,1293,3,vehicle,10,Medium
94,1142,24,none,2,Medium
107,1120,2,pothole,5,Medium
119,1058,31,vehicle,8,High
43,143,2,pedestrian,5,Medium
22,1823,26,animal,8,Medium
41,1007,28,pedestrian,6,Medium
72,1061,31,pothole,8,Medium
21,502,49,pedestrian,17,Medium
107,1277,18,none,11,Medium
49,961,20,pothole,7,Low
57,267,4,animal,7,Low
21,523,17,none,17,Low
83,481,27,pothole,19,High
79,390,41,animal,14,Medium
40,600,21,none,6,Low
52,1685,20,none,10,Low
95,1362,5,pothole,19,High
77,1327,0,vehicle,15,Medium
41,1807,4,none,3,Low
108,406,40,none,5,Medium
68,72,11,animal,2,Medium
110,1835,25,pedestrian,8,High
78,571,45,pothole,9,Medium
61,1831,33,pothole,13,Medium
111,1910,48,vehicle,10,High
79,1173,13,vehicle,17,Medium
99,851,25,pothole,11,High
34,1253,44,vehicle,11,Medium
81,1296,26,animal,12,High
81,1979,8,pothole,12,High
66,811,25,vehicle,18,Medium
81,1732,46,pothole,18,High
70,491,21,pedestrian,13,Medium
74,1681,46,none,3,Low
83,818,29,pothole,12,High
22,1065,42,none,7,Low
70,1398,47,vehicle,18,Medium
26,565,16,none,11,Low
40,1089,25,pothole,17,Medium
92,841,35,pedestrian,5,High
58,385,0,vehicle,17,Medium
37,1832,7,pothole,18,Medium
23,307,48,vehicle,4,Medium
108,546,34,animal,8,High
79,945,14,none,2,Low
33,209,46,animal,9,Medium
28,1548,21,pothole,18,Medium
109,901,13,pedestrian,2,Medium
72,1737,25,vehicle,14,Medium
21,1981,27,none,0,Low
103,739,22,vehicle,6,High
111,1748,13,pothole,11,High
79,429,23,vehicle,16,Medium
90,1618,1,none,19,Medium
63,1006,44,pothole,4,Medium
27,740,25,vehicle,3,Medium
66,1500,13,pedestrian,11,Medium
54,1686,6,pothole,19,Medium
97,1341,2,pothole,17,High
100,1908,46,pedestrian,16,High
55,1650,22,animal,18,Medium
69,1490,45,none,8,Low
23,1241,42,animal,3,Medium
21,1915,46,vehicle,1,Medium
25,1116,44,pedestrian,3,Medium
73,1629,17,animal,1,Low
23,334,37,pothole,14,Medium
73,446,34,vehicle,1,Medium
112,61,14,vehicle,3,High
82,1680,24,animal,5,High
37,1375,36,animal,6,Medium
109,1971,27,pedestrian,9,High
63,1326,9,none,18,Low
53,548,38,animal,18,Medium
93,803,16,animal,11,High
81,84,38,pothole,2,High
119,776,21,vehicle,12,High
33,898,25,none,17,Medium
114,139,43,pothole,7,High
67,825,24,pedestrian,14,Medium
34,654,16,pedestrian,0,Low
91,1995,12,animal,2,Medium
97,1019,19,animal,7,Medium
106,1675,24,pedestrian,3,High
81,1071,3,animal,15,High
59,467,9,none,9,Low
104,164,2,animal,11,High
99,666,40,vehicle,13,High
101,1976,44,animal,13,High
72,1269,17,pothole,1,Low
43,875,46,none,4,Low
45,1574,35,pothole,4,Medium
108,1699,46,pothole,5,High
79,1566,21,vehicle,12,Medium
60,1148,33,none,8,Low
48,462,46,none,14,Medium
34,1449,7,none,13,Low
64,1493,39,none,6,Low
84,778,48,none,19,High
108,1350,43,vehicle,1,High
90,1070,18,animal,6,Medium
28,810,41,pothole,5,Medium
107,725,40,none,16,High
20,1467,36,animal,1,Medium
27,1942,5,animal,2,Low
107,506,25,pothole,4,High
82,969,33,vehicle,4,High
30,241,44,pedestrian,0,Medium
100,788,5,pedestrian,7,Medium
27,1762,36,animal,11,Medium
54,1172,32,pothole,3,Medium
54,1621,21,pedestrian,12,Medium
52,1027,20,animal,14,Medium
24,1058,5,vehicle,10,Low
60,145,5,pedestrian,9,Medium
47,1737,47,animal,2,Medium
26,712,3,animal,13,Medium
92,1263,29,none,15,High
91,1809,10,vehicle,9,Medium
31,86,29,none,9,Medium
53,1853,30,pothole,11,Medium
52,1442,23,none,8,Low
67,1768,8,none,0,Low
42,1598,2,pedestrian,4,Low
81,328,30,animal,19,High
107,266,39,vehicle,7,High
56,916,36,none,10,Low
118,922,35,vehicle,11,High
63,1871,23,none,0,Low
105,1346,30,pothole,19,High
110,1954,5,none,10,Medium
54,111,1,pedestrian,4,Medium
84,645,19,animal,14,High
118,1953,27,pothole,4,High
66,778,10,none,11,Low
97,1415,3,vehicle,4,Medium
22,446,14,pothole,16,Medium
20,748,5,pothole,16,Medium
24,1092,48,none,11,Medium
109,226,29,pothole,14,High
33,1685,37,vehicle,14,Medium
46,445,1,pothole,5,Low
28,494,14,vehicle,11,Medium
98,1306,10,none,19,Medium
34,1988,7,animal,17,Medium
109,125,25,pothole,13,High
61,314,44,animal,1,Medium
96,504,43,vehicle,8,High
70,1869,4,pothole,4,Low
82,767,5,pedestrian,19,High
115,784,25,animal,0,High
71,1457,3,pothole,2,Low
115,1637,18,animal,5,Medium
23,900,19,pothole,4,Low
113,1579,32,none,4,Medium
42,1440,19,animal,0,Low
34,193,48,pedestrian,16,High
62,934,11,pedestrian,18,Medium
48,1142,46,vehicle,13,Medium
55,1172,0,pothole,11,Medium
32,445,25,animal,9,Medium
51,1098,13,vehicle,19,Medium
90,997,37,animal,17,High
78,940,36,pothole,10,Medium
105,1542,10,pedestrian,1,Medium
47,1557,35,none,17,Medium
85,1638,12,pedestrian,6,Medium
61,1224,42,vehicle,14,Medium
64,1217,2,none,10,Low
81,618,32,vehicle,17,High
76,1112,5,pothole,11,Medium
25,158,49,none,5,Medium
47,1766,9,vehicle,19,Medium
47,1115,4,pothole,12,Medium
63,1259,22,pedestrian,19,Medium
103,984,9,pothole,15,High
49,447,43,animal,17,Medium
81,1296,1,pothole,9,Medium
94,683,12,pothole,7,Medium
111,1206,39,animal,17,High
108,1236,1,vehicle,0,Medium
81,1288,19,vehicle,7,Medium
116,782,0,pothole,5,Medium
20,284,36,animal,4,Medium
46,1916,8,animal,14,Medium
81,707,16,pedestrian,14,High
96,800,8,vehicle,1,Medium
22,637,10,none,0,Low
89,1082,14,vehicle,10,Medium
91,1147,23,vehicle,9,High
46,1003,37,pedestrian,17,Medium
28,541,34,none,17,Medium
81,962,29,pedestrian,16,High
56,1326,30,none,7,Low
116,1303,48,pothole,14,High
70,1592,4,none,7,Low
63,1247,43,pedestrian,16,Medium
43,1726,49,vehicle,11,Medium
98,1241,13,none,7,Medium
78,219,10,none,13,Low
51,1466,8,animal,3,Low
115,995,33,vehicle,0,High
107,844,11,pothole,0,Medium
71,683,34,pedestrian,18,Medium
81,1267,34,pothole,15,High
77,1590,0,vehicle,13,Medium
71,78,39,none,15,High
31,1238,21,none,4,Low
58,1495,28,vehicle,8,Medium
21,388,7,none,1,Low
22,1721,10,none,17,Low
75,1569,40,none,5,Low
100,1438,36,pedestrian,8,High
78,1906,13,pedestrian,0,Low
21,1415,29,animal,8,Medium
21,549,34,pothole,15,Medium
111,1730,20,vehicle,12,High
73,560,36,vehicle,8,Medium
106,1400,4,vehicle,12,High
115,266,18,animal,8,Medium
116,1374,13,pedestrian,10,Medium
20,1205,25,animal,3,Medium
38,1877,3,vehicle,1,Low
21,1143,24,pothole,5,Medium
72,1325,44,none,13,Medium
63,1488,41,pedestrian,3,Medium
109,1860,24,pedestrian,5,High
51,494,17,animal,18,Medium
89,925,39,pedestrian,5,High
51,1255,7,vehicle,1,Low
87,216,38,vehicle,17,High
74,140,39,animal,12,High
94,763,13,vehicle,8,Medium
75,1931,31,pothole,18,Medium
36,1604,37,animal,12,Medium
57,88,32,pothole,10,High
43,1199,22,none,0,Low
88,1524,14,pothole,6,Medium
117,222,32,none,14,High
89,702,24,none,0,Medium
105,803,16,pothole,11,High
30,1293,32,animal,6,Medium
35,1711,46,vehicle,14,Medium
116,1131,1,vehicle,18,High
92,1733,13,none,0,Medium
78,525,39,none,16,Medium
89,505,39,animal,16,High
99,878,38,pedestrian,2,High
112,944,5,pothole,11,High
22,1434,5,none,5,Low
39,1074,2,vehicle,10,Low
78,436,6,animal,2,Low
55,397,7,pothole,7,Low
38,239,41,animal,13,Medium
109,554,14,pothole,13,High
86,1264,46,pothole,9,High
38,1581,28,none,1,Low
39,1442,32,animal,13,Medium
115,1482,29,animal,8,High
90,873,38,vehicle,2,High
71,978,26,vehicle,7,Medium
52,983,35,none,15,Medium
59,1190,28,none,1,Low
58,183,37,pedestrian,5,High
101,107,32,vehicle,11,High
20,1629,36,pothole,4,Medium
30,734,26,animal,1,Medium
111,721,32,none,15,High
76,222,3,animal,4,Low
108,1902,21,animal,14,High
69,864,1,pedestrian,11,Medium
42,1222,9,vehicle,3,Low
50,129,4,none,14,Medium
113,935,9,animal,10,Medium
61,1286,32,none,15,Medium
118,252,37,pothole,5,High
26,813,12,pedestrian,13,Medium
35,1302,30,pothole,17,Medium
109,1749,46,none,11,High
79,1300,35,none,10,Low
21,1732,44,vehicle,12,Medium
20,1605,23,animal,10,Medium
67,1514,14,animal,15,Medium
31,1475,28,pothole,14,Medium
88,96,7,pedestrian,14,High
56,1306,4,animal,3,Low
51,1378,28,vehicle,10,Medium
28,1599,46,pothole,18,Medium
118,1216,3,pothole,14,High
38,1488,11,vehicle,3,Low
67,1586,44,pedestrian,12,Medium
99,1446,1,vehicle,18,High
22,1639,26,pedestrian,1,Medium
39,1959,30,vehicle,13,Medium
43,1332,35,vehicle,3,Medium
73,705,35,none,15,Medium
52,520,25,pothole,19,Medium
43,1020,42,vehicle,13,Medium
94,1085,26,vehicle,14,High
91,1403,4,animal,2,Medium
55,785,19,pothole,7,Low
57,833,10,animal,15,Medium
103,1017,9,pothole,9,Medium
118,407,39,animal,3,High
108,1021,37,vehicle,17,High
118,1481,5,vehicle,1,Medium
44,717,7,none,16,Low
112,422,22,animal,12,High
37,1081,46,pedestrian,3,Medium
101,1195,25,none,10,Medium
85,1421,45,animal,6,High
73,725,42,animal,11,Medium
54,139,11,none,9,Medium
99,1721,25,vehicle,6,High
80,747,12,animal,12,Medium
60,1389,39,vehicle,6,Medium
119,1251,17,none,16,Medium
52,589,24,vehicle,9,Medium
87,781,32,pothole,9,High
52,918,46,pedestrian,3,Medium
33,90,39,animal,19,High
40,789,42,pedestrian,3,Medium
67,1777,11,vehicle,6,Low
39,1996,43,animal,0,Medium
27,551,35,vehicle,11,Medium
26,1008,47,pothole,12,Medium
86,1218,3,none,9,Medium
36,1274,4,animal,14,Medium
52,978,36,pothole,12,Medium
67,1797,7,pothole,8,Low
95,510,41,animal,8,High
78,781,48,vehicle,14,Medium
105,801,27,pothole,9,High
41,974,30,pedestrian,9,Medium
49,958,8,pothole,7,Low
57,1631,28,vehicle,15,Medium
70,1620,13,vehicle,16,Medium
73,1326,39,pedestrian,4,Medium
27,439,40,pothole,3,Medium
46,1667,21,vehicle,17,Medium
46,932,10,animal,18,Medium
117,305,22,none,3,Medium
40,758,0,none,6,Low
49,1888,45,none,9,Low
116,1994,36,pothole,17,High
47,499,20,pedestrian,18,Medium
83,59,25,vehicle,3,High
116,873,45,animal,9,High
88,847,35,animal,0,High
80,1315,22,pothole,17,Medium
67,1324,0,none,4,Low
38,926,39,pothole,14,Medium
23,1078,14,pedestrian,16,Medium
54,1192,20,pedestrian,2,Low
83,1065,46,vehicle,11,High
68,1874,8,vehicle,1,Low
36,423,8,pedestrian,0,Low
63,1138,9,pedestrian,16,Medium
111,195,25,pedestrian,15,High
49,273,40,pothole,4,Medium
112,1312,34,pedestrian,14,High
65,226,24,animal,2,Medium
25,1852,25,none,6,Low
118,902,10,pedestrian,10,Medium
56,1355,37,none,9,Low
43,112,1,pothole,8,Medium
112,1290,6,none,13,Medium
65,1927,17,pothole,12,Medium
72,876,26,animal,1,Medium
114,844,33,pothole,2,High
118,738,26,pothole,6,High
79,1534,16,vehicle,17,Medium
116,1683,42,pedestrian,2,High
82,154,43,pedestrian,9,High
104,1172,23,animal,6,High
51,560,24,animal,8,Medium
106,434,6,pedestrian,16,High
52,454,5,vehicle,10,Low
86,872,23,pedestrian,6,High
37,567,32,vehicle,13,Medium
44,525,48,animal,18,Medium
114,758,28,none,3,Medium
73,1936,42,animal,5,Medium
77,1718,21,animal,9,Medium
86,1943,25,pothole,6,High
65,820,27,pothole,12,Medium
43,1510,49,pothole,13,Medium
51,1096,20,pothole,3,Low
66,1046,48,vehicle,7,Medium
105,1638,6,pedestrian,4,Medium
42,726,16,none,0,Low
85,763,19,animal,3,Medium
46,1531,40,vehicle,2,Medium
21,132,48,none,8,Medium
109,1218,19,vehicle,7,Medium
36,1158,21,vehicle,0,Medium
52,1151,27,animal,5,Medium
28,506,39,pedestrian,8,Medium
62,1951,48,pothole,6,Medium
67,50,6,pedestrian,3,Medium
58,100,0,animal,12,High
112,734,31,animal,16,High
61,766,12,animal,1,Low
45,1845,29,none,4,Low
118,1519,22,pedestrian,11,High
69,498,18,pedestrian,7,Low
44,930,31,vehicle,5,Medium
43,537,29,vehicle,7,Medium
32,1873,28,vehicle,17,Medium
79,83,48,animal,2,High
26,1421,44,pedestrian,11,Medium
76,144,28,animal,2,High
55,1145,29,none,5,Low
64,1624,15,vehicle,1,Low
39,203,39,animal,11,Medium
84,299,18,animal,1,Medium
27,723,17,none,5,Low
35,487,0,pothole,16,Medium
33,167,13,pedestrian,2,Medium
95,820,46,pothole,1,High
106,1964,49,vehicle,19,High
34,1379,1,animal,7,Low
111,317,27,none,11,High
117,1127,48,none,3,Medium
85,285,49,pedestrian,4,High
51,438,29,pothole,12,Medium
106,1039,37,pedestrian,14,High
82,1807,3,animal,15,High
105,812,0,pedestrian,9,Medium
70,1898,7,none,15,Low
44,450,28,none,11,Medium
77,673,38,vehicle,16,Medium
82,816,2,vehicle,15,High
81,1376,31,animal,11,High
41,968,9,pothole,7,Low
77,1280,9,pedestrian,19,Medium
77,1302,18,animal,2,Low
105,902,45,vehicle,15,High
68,1983,33,pedestrian,12,Medium
71,627,32,vehicle,18,Medium
61,124,22,pedestrian,7,High
89,484,27,pothole,4,High
34,152,31,animal,19,High
73,1495,49,pedestrian,7,Medium
79,1777,6,none,11,Low
116,813,28,none,0,Medium
27,787,7,pedestrian,19,Medium
72,855,0,pedestrian,5,Low
79,1379,2,pedestrian,17,Medium
24,147,23,none,7,Medium
87,1923,22,none,6,Medium
25,847,7,pedestrian,0,Low
115,1408,46,vehicle,15,High
113,908,36,vehicle,11,High
66,484,2,pothole,5,Low
118,496,32,animal,19,High
74,1381,27,vehicle,1,Medium
59,298,46,none,13,Medium
71,215,7,vehicle,3,Low
35,1554,33,pothole,0,Medium
32,1033,34,pothole,17,Medium
49,1408,31,animal,12,Medium
38,1069,23,vehicle,1,Medium
36,591,13,none,8,Low
82,808,31,none,1,Medium
38,1179,45,pedestrian,8,Medium
111,1636,42,none,0,Medium
77,130,15,animal,10,Medium
74,182,3,animal,2,Medium
109,846,36,none,19,High
109,949,20,none,3,Medium
81,187,13,pedestrian,17,High
42,233,30,none,5,Low
28,1474,47,pedestrian,2,Medium
31,1403,17,pedestrian,10,Low
20,834,6,none,14,Low
77,1581,9,pothole,4,Low
20,1925,6,pothole,19,Medium
53,1033,32,pedestrian,9,Medium
115,118,22,none,11,High
67,595,20,pothole,14,Medium
108,1847,18,none,16,Medium
20,102,47,none,9,Medium
35,1523,18,none,5,Low
80,254,35,vehicle,17,Medium
83,175,28,none,12,High
82,1820,17,vehicle,2,Medium
88,92,1,pedestrian,9,High
41,1825,0,pothole,13,Medium
112,1956,46,pothole,5,High
86,160,4,pothole,2,High
